{"1": {"precision": 0.8306508047585724, "recall": 1.0, "f1-score": 0.9074923547400611, "support": 1187.0}, "2": {"precision": 0.0, "recall": 0.0, "f1-score": 0.0, "support": 196.0}, "3": {"precision": 0.0, "recall": 0.0, "f1-score": 0.0, "support": 46.0}, "4": {"precision": 0.0, "recall": 0.0, "f1-score": 0.0, "support": 11.0}, "5": {"precision": 0.0, "recall": 0.0, "f1-score": 0.0, "support": 5.0}, "6": {"precision": 0.0, "recall": 0.0, "f1-score": 0.0, "support": 4.0}, "7": {"precision": 0.0, "recall": 0.0, "f1-score": 0.0, "support": 1.0}, "8": {"precision": 0.0, "recall": 0.0, "f1-score": 0.0, "support": 1.0}, "9": {"precision": 0.0, "recall": 0.0, "f1-score": 0.0, "support": 1.0}, "16": {"precision": 0.0, "recall": 0.0, "f1-score": 0.0, "support": 1.0}, "accuracy": 0.8169304886441845, "macro avg": {"precision": 0.08306508047585724, "recall": 0.1, "f1-score": 0.09074923547400611, "support": 1453.0}, "weighted avg": {"precision": 0.6785839678241056, "recall": 0.8169304886441845, "f1-score": 0.7413581727986597, "support": 1453.0}}