{"1": {"precision": 1.0, "recall": 1.0, "f1-score": 1.0, "support": 1738}, "2": {"precision": 0.6614699331848553, "recall": 1.0, "f1-score": 0.7962466487935657, "support": 594}, "3": {"precision": 0.0, "recall": 0.0, "f1-score": 0.0, "support": 171}, "4": {"precision": 0.0, "recall": 0.0, "f1-score": 0.0, "support": 65}, "5": {"precision": 0.0, "recall": 0.0, "f1-score": 0.0, "support": 28}, "6": {"precision": 0.0, "recall": 0.0, "f1-score": 0.0, "support": 15}, "7": {"precision": 0.0, "recall": 0.0, "f1-score": 0.0, "support": 10}, "8": {"precision": 0.0, "recall": 0.0, "f1-score": 0.0, "support": 4}, "9": {"precision": 0.0, "recall": 0.0, "f1-score": 0.0, "support": 3}, "10": {"precision": 0.0, "recall": 0.0, "f1-score": 0.0, "support": 6}, "11": {"precision": 0.0, "recall": 0.0, "f1-score": 0.0, "support": 1}, "18": {"precision": 0.0, "recall": 0.0, "f1-score": 0.0, "support": 1}, "21": {"precision": 0.0, "recall": 0.0, "f1-score": 0.0, "support": 1}, "160": {"precision": 0.0, "recall": 0.0, "f1-score": 0.0, "support": 1}, "accuracy": 0.8840030326004549, "macro avg": {"precision": 0.11867642379891823, "recall": 0.14285714285714285, "f1-score": 0.12830333205668326, "support": 2638}, "weighted avg": {"precision": 0.8077760198301001, "recall": 0.8840030326004549, "f1-score": 0.8381237715630698, "support": 2638}}